{
  "hash": "0d0e0ef1",
  "configHash": "2f30f029",
  "lockfileHash": "8b36c451",
  "browserHash": "ca6cc4c7",
  "optimized": {
    "@angular/common/http": {
      "src": "../../../../../node_modules/@angular/common/fesm2022/http.mjs",
      "file": "@angular_common_http.js",
      "fileHash": "539bb39e",
      "needsInterop": false
    },
    "@angular/core": {
      "src": "../../../../../node_modules/@angular/core/fesm2022/core.mjs",
      "file": "@angular_core.js",
      "fileHash": "b7f0e284",
      "needsInterop": false
    },
    "@angular/forms": {
      "src": "../../../../../node_modules/@angular/forms/fesm2022/forms.mjs",
      "file": "@angular_forms.js",
      "fileHash": "15dffba5",
      "needsInterop": false
    },
    "@angular/platform-browser": {
      "src": "../../../../../node_modules/@angular/platform-browser/fesm2022/platform-browser.mjs",
      "file": "@angular_platform-browser.js",
      "fileHash": "a92a4d11",
      "needsInterop": false
    },
    "@angular/router": {
      "src": "../../../../../node_modules/@angular/router/fesm2022/router.mjs",
      "file": "@angular_router.js",
      "fileHash": "bc1834dd",
      "needsInterop": false
    },
    "rxjs": {
      "src": "../../../../../node_modules/rxjs/dist/esm5/index.js",
      "file": "rxjs.js",
      "fileHash": "2a0114df",
      "needsInterop": false
    }
  },
  "chunks": {
    "chunk-F2AZW7DO": {
      "file": "chunk-F2AZW7DO.js"
    },
    "chunk-52H62MF4": {
      "file": "chunk-52H62MF4.js"
    },
    "chunk-KYH4M423": {
      "file": "chunk-KYH4M423.js"
    },
    "chunk-6S4F5JB6": {
      "file": "chunk-6S4F5JB6.js"
    },
    "chunk-SXIXOCJ4": {
      "file": "chunk-SXIXOCJ4.js"
    }
  }
}